{"cameraMode":{"drawMode":0,"name":"Shaded","section":"Shading Mode"},"sceneLighting":false,"audioPlay":false,"sceneViewState":{"showFog":true,"showMaterialUpdate":false,"showSkybox":false,"showFlares":true,"showImageEffects":true,"showParticleSystems":true},"in2DMode":false,"pivot":{"x":4.713451862335205,"y":3.936649799346924,"z":19.707565307617189},"rotation":{"x":0.0015134374843910337,"y":-0.9776267409324646,"z":0.21022403240203858,"w":0.00703820213675499},"size":2.5578951835632326,"orthographic":false}